User Name,Text
pozsin,don't leave uz brunooo
lohrane0,@hannah_yumeko
sabinebaudet,ğŸ‘ğŸ‘
huzaifa_khan_bruce_lee,ğŸ˜‚
marlycsilveira,https://www.youtube.com/watch?v=tdVKqRJGZs8
adriano_lucas26,ğŸ’–
bby.joker_,@realdonaldtrump ğŸ–•ğŸ»ğŸ–•ğŸ»ğŸ–•ğŸ»
brendacipiran,ğŸ˜‚ğŸ˜‚ğŸ˜‚
49sephora,â¤ï¸â¤ï¸â¤ï¸â¤ï¸
suelenbarros_oficial,divertido
kamyoboy4001,Mini Mars
fleurti_taylor,Hell yesd
pozsin,don't leave uz brunooo
lohrane0,@hannah_yumeko
sabinebaudet,ğŸ‘ğŸ‘
huzaifa_khan_bruce_lee,ğŸ˜‚
marlycsilveira,https://www.youtube.com/watch?v=tdVKqRJGZs8
adriano_lucas26,ğŸ’–
bby.joker_,@realdonaldtrump ğŸ–•ğŸ»ğŸ–•ğŸ»ğŸ–•ğŸ»
brendacipiran,ğŸ˜‚ğŸ˜‚ğŸ˜‚
49sephora,â¤ï¸â¤ï¸â¤ï¸â¤ï¸
suelenbarros_oficial,divertido
kamyoboy4001,Mini Mars
fleurti_taylor,Hell yesd
pozsin,don't leave uz brunooo
lohrane0,@hannah_yumeko
sabinebaudet,ğŸ‘ğŸ‘
huzaifa_khan_bruce_lee,ğŸ˜‚
marlycsilveira,https://www.youtube.com/watch?v=tdVKqRJGZs8
adriano_lucas26,ğŸ’–
bby.joker_,@realdonaldtrump ğŸ–•ğŸ»ğŸ–•ğŸ»ğŸ–•ğŸ»
brendacipiran,ğŸ˜‚ğŸ˜‚ğŸ˜‚
49sephora,â¤ï¸â¤ï¸â¤ï¸â¤ï¸
suelenbarros_oficial,divertido
kamyoboy4001,Mini Mars
fleurti_taylor,Hell yesd
pozsin,don't leave uz brunooo
lohrane0,@hannah_yumeko
sabinebaudet,ğŸ‘ğŸ‘
huzaifa_khan_bruce_lee,ğŸ˜‚
marlycsilveira,https://www.youtube.com/watch?v=tdVKqRJGZs8
adriano_lucas26,ğŸ’–
bby.joker_,@realdonaldtrump ğŸ–•ğŸ»ğŸ–•ğŸ»ğŸ–•ğŸ»
brendacipiran,ğŸ˜‚ğŸ˜‚ğŸ˜‚
49sephora,â¤ï¸â¤ï¸â¤ï¸â¤ï¸
suelenbarros_oficial,divertido
kamyoboy4001,Mini Mars
fleurti_taylor,Hell yesd
pozsin,don't leave uz brunooo
lohrane0,@hannah_yumeko
sabinebaudet,ğŸ‘ğŸ‘
huzaifa_khan_bruce_lee,ğŸ˜‚
marlycsilveira,https://www.youtube.com/watch?v=tdVKqRJGZs8
adriano_lucas26,ğŸ’–
bby.joker_,@realdonaldtrump ğŸ–•ğŸ»ğŸ–•ğŸ»ğŸ–•ğŸ»
brendacipiran,ğŸ˜‚ğŸ˜‚ğŸ˜‚
49sephora,â¤ï¸â¤ï¸â¤ï¸â¤ï¸
suelenbarros_oficial,divertido
kamyoboy4001,Mini Mars
fleurti_taylor,Hell yesd
pozsin,don't leave uz brunooo
lohrane0,@hannah_yumeko
sabinebaudet,ğŸ‘ğŸ‘
huzaifa_khan_bruce_lee,ğŸ˜‚
marlycsilveira,https://www.youtube.com/watch?v=tdVKqRJGZs8
adriano_lucas26,ğŸ’–
bby.joker_,@realdonaldtrump ğŸ–•ğŸ»ğŸ–•ğŸ»ğŸ–•ğŸ»
brendacipiran,ğŸ˜‚ğŸ˜‚ğŸ˜‚
49sephora,â¤ï¸â¤ï¸â¤ï¸â¤ï¸
suelenbarros_oficial,divertido
kamyoboy4001,Mini Mars
fleurti_taylor,Hell yesd
pozsin,don't leave uz brunooo
lohrane0,@hannah_yumeko
sabinebaudet,ğŸ‘ğŸ‘
huzaifa_khan_bruce_lee,ğŸ˜‚
marlycsilveira,https://www.youtube.com/watch?v=tdVKqRJGZs8
adriano_lucas26,ğŸ’–
bby.joker_,@realdonaldtrump ğŸ–•ğŸ»ğŸ–•ğŸ»ğŸ–•ğŸ»
brendacipiran,ğŸ˜‚ğŸ˜‚ğŸ˜‚
49sephora,â¤ï¸â¤ï¸â¤ï¸â¤ï¸
suelenbarros_oficial,divertido
kamyoboy4001,Mini Mars
fleurti_taylor,Hell yesd
pozsin,don't leave uz brunooo
lohrane0,@hannah_yumeko
sabinebaudet,ğŸ‘ğŸ‘
huzaifa_khan_bruce_lee,ğŸ˜‚
marlycsilveira,https://www.youtube.com/watch?v=tdVKqRJGZs8
adriano_lucas26,ğŸ’–
bby.joker_,@realdonaldtrump ğŸ–•ğŸ»ğŸ–•ğŸ»ğŸ–•ğŸ»
brendacipiran,ğŸ˜‚ğŸ˜‚ğŸ˜‚
49sephora,â¤ï¸â¤ï¸â¤ï¸â¤ï¸
suelenbarros_oficial,divertido
kamyoboy4001,Mini Mars
fleurti_taylor,Hell yesd
pozsin,don't leave uz brunooo
lohrane0,@hannah_yumeko
sabinebaudet,ğŸ‘ğŸ‘
huzaifa_khan_bruce_lee,ğŸ˜‚
marlycsilveira,https://www.youtube.com/watch?v=tdVKqRJGZs8
adriano_lucas26,ğŸ’–
bby.joker_,@realdonaldtrump ğŸ–•ğŸ»ğŸ–•ğŸ»ğŸ–•ğŸ»
brendacipiran,ğŸ˜‚ğŸ˜‚ğŸ˜‚
49sephora,â¤ï¸â¤ï¸â¤ï¸â¤ï¸
suelenbarros_oficial,divertido
kamyoboy4001,Mini Mars
fleurti_taylor,Hell yesd
pozsin,don't leave uz brunooo
lohrane0,@hannah_yumeko
sabinebaudet,ğŸ‘ğŸ‘
huzaifa_khan_bruce_lee,ğŸ˜‚
marlycsilveira,https://www.youtube.com/watch?v=tdVKqRJGZs8
adriano_lucas26,ğŸ’–
bby.joker_,@realdonaldtrump ğŸ–•ğŸ»ğŸ–•ğŸ»ğŸ–•ğŸ»
brendacipiran,ğŸ˜‚ğŸ˜‚ğŸ˜‚
49sephora,â¤ï¸â¤ï¸â¤ï¸â¤ï¸
suelenbarros_oficial,divertido
kamyoboy4001,Mini Mars
fleurti_taylor,Hell yesd
pozsin,don't leave uz brunooo
lohrane0,@hannah_yumeko
sabinebaudet,ğŸ‘ğŸ‘
huzaifa_khan_bruce_lee,ğŸ˜‚
marlycsilveira,https://www.youtube.com/watch?v=tdVKqRJGZs8
adriano_lucas26,ğŸ’–
bby.joker_,@realdonaldtrump ğŸ–•ğŸ»ğŸ–•ğŸ»ğŸ–•ğŸ»
brendacipiran,ğŸ˜‚ğŸ˜‚ğŸ˜‚
49sephora,â¤ï¸â¤ï¸â¤ï¸â¤ï¸
suelenbarros_oficial,divertido
kamyoboy4001,Mini Mars
fleurti_taylor,Hell yesd
pozsin,don't leave uz brunooo
lohrane0,@hannah_yumeko
sabinebaudet,ğŸ‘ğŸ‘
huzaifa_khan_bruce_lee,ğŸ˜‚
marlycsilveira,https://www.youtube.com/watch?v=tdVKqRJGZs8
adriano_lucas26,ğŸ’–
bby.joker_,@realdonaldtrump ğŸ–•ğŸ»ğŸ–•ğŸ»ğŸ–•ğŸ»
brendacipiran,ğŸ˜‚ğŸ˜‚ğŸ˜‚
49sephora,â¤ï¸â¤ï¸â¤ï¸â¤ï¸
suelenbarros_oficial,divertido
kamyoboy4001,Mini Mars
fleurti_taylor,Hell yesd
pozsin,don't leave uz brunooo
lohrane0,@hannah_yumeko
sabinebaudet,ğŸ‘ğŸ‘
huzaifa_khan_bruce_lee,ğŸ˜‚
marlycsilveira,https://www.youtube.com/watch?v=tdVKqRJGZs8
adriano_lucas26,ğŸ’–
bby.joker_,@realdonaldtrump ğŸ–•ğŸ»ğŸ–•ğŸ»ğŸ–•ğŸ»
brendacipiran,ğŸ˜‚ğŸ˜‚ğŸ˜‚
49sephora,â¤ï¸â¤ï¸â¤ï¸â¤ï¸
suelenbarros_oficial,divertido
kamyoboy4001,Mini Mars
fleurti_taylor,Hell yesd
pozsin,don't leave uz brunooo
lohrane0,@hannah_yumeko
sabinebaudet,ğŸ‘ğŸ‘
huzaifa_khan_bruce_lee,ğŸ˜‚
marlycsilveira,https://www.youtube.com/watch?v=tdVKqRJGZs8
adriano_lucas26,ğŸ’–
bby.joker_,@realdonaldtrump ğŸ–•ğŸ»ğŸ–•ğŸ»ğŸ–•ğŸ»
brendacipiran,ğŸ˜‚ğŸ˜‚ğŸ˜‚
49sephora,â¤ï¸â¤ï¸â¤ï¸â¤ï¸
suelenbarros_oficial,divertido
kamyoboy4001,Mini Mars
fleurti_taylor,Hell yesd
